Account ID,Company Name,Domain Company,Tax Code,Address,Billing address,Industry,Source,Company Size,Sales Leader,Sale Owner,Product of interest,Master Contact,All Deals,Create Deal,Create Contact,Create Prospect,Date Created,Prospect,Last Modified Date,Modified By
GCP_Acc_058,Coolmate,coolmate.me,0402172552,"Số 123 Dũng Sỹ Thanh Khê, Phường Thanh Khê, Thành phố Đà Nẵng, Việt Nam",,Ecommerce,Self-sourced,SMB,Phạm Tiến Thiêm,Hoàng Hà Trang,GCP,,,Create Deal,Create Contact,Create Prospect,2026/04/08 16:04,104,2026/04/24 10:33,Hoàng Hà Trang
GCP_Acc_059,Sendo,sendo.vn,0312776486,,,Ecommerce,Self-sourced,ENTERPRISE,Phạm Tiến Thiêm,Hoàng Hà Trang,GCP,,,Create Deal,Create Contact,Create Prospect,2026/04/08 16:11,105,2026/04/24 10:34,Hoàng Hà Trang
GCP_Acc_060,Pharmacity,pharmacity.vn,0311770883,,,Ecommerce,Self-sourced,Enterprise,Phạm Tiến Thiêm,Hoàng Hà Trang,GCP,,,Create Deal,Create Contact,Create Prospect,2026/04/08 16:16,106,2026/04/24 10:34,Hoàng Hà Trang
GCP_Acc_065,Lameco,lmc.vn,0109762951,,,Ecommerce,Self-sourced,Startup,Phạm Tiến Thiêm,Hoàng Hà Trang,GCP,,,Create Deal,Create Contact,Create Prospect,2026/04/08 16:32,107,2026/04/24 10:34,Hoàng Hà Trang
GCP_Acc_066,Ecomomi,ecomobi.com,0108109926,"Tầng 4, Tháp 2 Times Tower, số 35 đường Lê Văn Lương, Phường Nhân Chính, Quận Thanh Xuân, Thành phố Hà Nội.",,Ecommerce,Self-sourced,Startup,Phạm Tiến Thiêm,Hoàng Hà Trang,GCP,,,Create Deal,Create Contact,Create Prospect,2026/04/08 16:39,108,2026/04/24 10:34,Hoàng Hà Trang
GCP_Acc_067,Foodmap,foodmap.asia,0314592854,,,Ecommerce,Self-sourced,Startup,Phạm Tiến Thiêm,Hoàng Hà Trang,GCP,,,Create Deal,Create Contact,Create Prospect,2026/04/08 16:42,109,2026/05/08 13:37,Hoàng Hà Trang
GCP_Acc_068,Droppi,droppii.com,0317352473,"Tầng 05, Tòa nhà Pax Sky, 123 Nguyễn Đình Chiểu, Phường Xuân Hòa, Thành phố Hồ Chí Minh, Việt Nam",,Ecommerce,Self-sourced,Startup,Phạm Tiến Thiêm,Hoàng Hà Trang,GCP,,,Create Deal,Create Contact,Create Prospect,2026/04/08 16:43,114,2026/04/24 10:34,Hoàng Hà Trang
GCP_Acc_072,GUMAC,gumac.vn,0312676139,"17/6A Phan Huy ích, Phường An Hội Tây, Thành phố Hồ Chí Minh, Việt Nam",,Ecommerce,Self-sourced,SMB,Phạm Tiến Thiêm,Hoàng Hà Trang,GCP,,,Create Deal,Create Contact,Create Prospect,2026/04/09 09:18,117,2026/04/24 10:35,Hoàng Hà Trang
GCP_Acc_073,Xgear,xgear.net,0316898252,"Số 8 Tự Lập, Phường 4, Quận Tân Bình, Thành phố Hồ Chí Minh, Việt Nam",,Ecommerce,Self-sourced,SMB,Phạm Tiến Thiêm,Hoàng Hà Trang,GCP,,,Create Deal,Create Contact,Create Prospect,2026/04/09 09:23,118,2026/04/24 10:35,Hoàng Hà Trang
GCP_Acc_074,Cocoon,cocoonvietnam.com,"0317269070

"," 38C-39C Khu phố 1, Quốc Lộ 1A, Phường Tân Thới Hiệp, Quận 12, TP. Hồ Chí Minh, Việt Nam",,Ecommerce,Self-sourced,SMB,Phạm Tiến Thiêm,Hoàng Hà Trang,GCP,,,Create Deal,Create Contact,Create Prospect,2026/04/09 09:23,119,2026/04/24 10:38,Hoàng Hà Trang
GCP_Acc_094,VUIHOC,vuihoc.vn,110237594,"Tầng 6, tòa nhà Zen Tower, số 12 đường Khuất Duy Tiến, , Thành phố Hà Nội, Việt Nam",,Edtech,Self-sourced,SMB,Phạm Tiến Thiêm,Hoàng Hà Trang,GCP,,,Create Deal,Create Contact,Create Prospect,2026/04/15 14:31,127,2026/04/24 10:35,Hoàng Hà Trang
GCP_Acc_095,Azota ,azota.vn,0109742634,"Tầng 3, Số 5, Ngõ 78 Duy Tân, , Thành phố Hà Nội, Việt Nam",,Edtech,Self-sourced,,Phạm Tiến Thiêm,Hoàng Hà Trang,GCP,,,Create Deal,Create Contact,Create Prospect,2026/04/15 14:36,128,2026/04/24 10:35,Hoàng Hà Trang
GCP_Acc_098,Edupia,edupia.vn,0108156933-001,"Tầng 7, Tòa nhà Đại Phát, ngõ 82, phố Duy Tân, , Thành phố Hà Nội, Việt Nam",,Edtech,Self-sourced,,Phạm Tiến Thiêm,Hoàng Hà Trang,GCP,,,Create Deal,Create Contact,Create Prospect,2026/04/15 14:40,129,2026/04/24 10:35,Hoàng Hà Trang
GCP_Acc_099,Clevai,clevai.edu.vn,109945049,"Tầng 3, số 125A, đường Mỹ Đình, , Thành phố Hà Nội, Việt Nam",,Edtech,Self-sourced,,Phạm Tiến Thiêm,Hoàng Hà Trang,GCP,,,Create Deal,Create Contact,Create Prospect,2026/04/15 14:41,130,2026/04/24 10:35,Hoàng Hà Trang
GCP_Acc_100,Gitiho,gitiho.com,109077145,"Phòng 302, Tầng 3, Tòa nhà Tây Hà, KĐT mới Phùng Khoang, , Thành phố Hà Nội, Việt Nam",,Edtech,Self-sourced,,Phạm Tiến Thiêm,Hoàng Hà Trang,GCP,,,Create Deal,Create Contact,Create Prospect,2026/04/15 14:41,131,2026/04/24 10:35,Hoàng Hà Trang
GCP_Acc_101,Marathon,marathon.edu.vn,316952502,"L18-11-13, Tầng 18, Tòa nhà Vincom Center Đồng Khởi, 72 Lê T, Phường Sài Gòn, Thành phố Hồ Chí Minh, Việt Nam",,Edtech,Self-sourced,,Phạm Tiến Thiêm,Hoàng Hà Trang,GCP,,,Create Deal,Create Contact,Create Prospect,2026/04/15 14:43,132,2026/04/24 10:35,Hoàng Hà Trang
GCP_Acc_105,K&K Fashion,kkfashion.vn,500577571,"Cụm Công nghiệp Ngọc Hòa, thôn Ngọc Giả, Phường Chương Mỹ, Thành phố Hà Nội, Việt Nam",,Ecommerce,Self-sourced,SMB,Phạm Tiến Thiêm,Hoàng Hà Trang,GCP,,,Create Deal,Create Contact,Create Prospect,2026/04/15 16:14,137,2026/04/24 10:38,Hoàng Hà Trang
GCP_Acc_111,ELSA Speak,vn.elsaspeak.com,313358273,"29/11 Bùi Thị Xuân, Phường 2, Quận Tân Bình, Thành phố Hồ Chí Minh, Việt Nam",,EDTECH,Self-sourced,Corp,Phạm Tiến Thiêm,Hoàng Hà Trang,GCP,,,Create Deal,Create Contact,Create Prospect,2026/04/17 16:20,138,2026/04/24 10:38,Hoàng Hà Trang
GCP_Acc_112,Công ty Cổ phần Eduvator (ZIM Academy),zim.vn,107346642,"65 Ng. 104 P. Yên Lãng, Thịnh Quang, Đống Đa, Hà Nội",,EDTECH,Self-sourced,,Phạm Tiến Thiêm,Hoàng Hà Trang,GCP,,,Create Deal,Create Contact,Create Prospect,2026/04/17 16:22,139,2026/04/24 10:37,Hoàng Hà Trang
GCP_Acc_113,TEKY,teky.edu.vn,108434588,"Tầng 5, tòa nhà MAC Plaza, Số 10, đường Trần Phú, , Thành phố Hà Nội, Việt Nam",,EDTECH,Self-sourced,,Phạm Tiến Thiêm,Hoàng Hà Trang,GCP,,,Create Deal,Create Contact,Create Prospect,2026/04/17 16:22,140,2026/04/24 10:37,Hoàng Hà Trang
GCP_Acc_116,Manabie,manabie.vn,315693904,"11 Bis Phan Ngữ, Phường Tân Định, Quận 1, Thành phố Hồ Chí Minh, Việt Nam.",,EDTECH,Self-sourced,,Phạm Tiến Thiêm,Hoàng Hà Trang,GCP,,,Create Deal,Create Contact,Create Prospect,2026/04/22 08:59,146,2026/05/20 16:01,Nguyễn Khánh Ly
GCP_Acc_117,Monkey,monkey.edu.vn,110958733,"81A Đường Bát Khối, Phường Long Biên, Thành phố Hà Nội, Việt Nam",,EDTECH,Self-sourced,,Phạm Tiến Thiêm,Hoàng Hà Trang,GCP,,,Create Deal,Create Contact,Create Prospect,2026/04/22 09:00,147,2026/04/24 10:37,Hoàng Hà Trang
GCP_Acc_126,BĐS Phúc Anh,facebook.com,0108126199,"Số nhà 66D, Ngõ 2 Hoàng Sâm, Phường Nghĩa Đô,Quận Cầu Giấy, Thành phố Hà Nội
",,Real-Estate,Facebook Ads,,Phạm Tiến Thiêm,Hoàng Hà Trang,GMAP,GCP_Con_040,GCP_Deal_150,Create Deal,Create Contact,Create Prospect,2026/04/22 15:53,,2026/04/24 10:37,Hoàng Hà Trang
GCP_Acc_134,Unica,unica.vn,107695756,"Tầng 3, Số 247 đường Cầu Giấy, , Thành phố Hà Nội, Việt Nam",,Edtech,Self-sourced,,Phạm Tiến Thiêm,Hoàng Hà Trang,GCP,,,Create Deal,Create Contact,Create Prospect,2026/04/23 17:03,156,2026/04/24 14:02,Hoàng Hà Trang
GCP_Acc_138,Galaxy Education,galaxyedu.vn,"Tầng 2, Văn phòng 6 (tòa nhà nối giữa 17T7&17T8) Khu đô thị mới Trung Hòa, , Thành phố Hà Nội, Việt Nam",0316418562-001,,Edtech,Self-sourced,Corp,Phạm Tiến Thiêm,Hoàng Hà Trang,GCP,,,Create Deal,Create Contact,Create Prospect,2026/04/24 13:50,157,2026/04/24 14:05,Hoàng Hà Trang
GCP_Acc_139,Saladin,saladin.vn,0317945995,"111 Lý CHíNH THắNG, Phường Xuân Hòa, Thành phố Hồ Chí Minh, Việt Nam",,BFSI,Self-sourced,,Phạm Tiến Thiêm,Hoàng Hà Trang,GCP,,,Create Deal,Create Contact,Create Prospect,2026/04/24 13:52,159,2026/04/24 14:08,Hoàng Hà Trang
GCP_Acc_140,SoBanHang,sobanhang.com,0316814189,"Số 195/10E, Điện Biên Phủ, Phường 2, Quận Bình Thạnh, Thành phố Hồ Chí Minh, Việt Nam",,Ecommerce,Self-sourced,,Phạm Tiến Thiêm,Hoàng Hà Trang,GCP,,,Create Deal,Create Contact,Create Prospect,2026/04/24 13:53,160,2026/04/24 14:12,Hoàng Hà Trang
GCP_Acc_141,TOPEBOX,topebox.com,https://topebox.com/,"  53 Đường số 3, Khu Dân Cư Cityland, Phường Hạnh Thông, Thành phố Hồ Chí Minh, Việt Nam",,Game,Self-sourced,Corp,Phạm Tiến Thiêm,Hoàng Hà Trang,GCP,,,Create Deal,Create Contact,Create Prospect,2026/04/24 13:54,161,2026/04/24 14:16,Hoàng Hà Trang
GCP_Acc_142,Edmicro,edmicro.vn,108115077,"Tầng 5 tòa nhà Tây Hà, số 19 đường Tố Hữu, , Thành phố Hà Nội, Việt Nam",,Education,Self-sourced,,Phạm Tiến Thiêm,Hoàng Hà Trang,GCP,,,Create Deal,Create Contact,Create Prospect,2026/04/24 13:56,162,2026/04/24 14:18,Hoàng Hà Trang
GCP_Acc_143,VNP GROUP,.,0105992915,,,,Self-sourced,Corp,Phạm Tiến Thiêm,Hoàng Hà Trang,GCP,,,Create Deal,Create Contact,Create Prospect,2026/04/24 13:57,163,2026/04/24 14:22,Hoàng Hà Trang
GCP_Acc_144,dayladau,dayladau.com,0109682664,"17 Hàng Chuối, Phường Hai Bà Trưng, Thành phố Hà Nội, Việt Nam",,,Self-sourced,,Phạm Tiến Thiêm,Hoàng Hà Trang,GCP,,,Create Deal,Create Contact,Create Prospect,2026/04/24 15:17,164,2026/05/20 14:25,Hoàng Hà Trang
GCP_Acc_152,Hiip,hiip.asia,0313875232,"240 Nguyễn Đình Chính, Phường 11, Quận Phú Nhuận, Thành phố Hồ Chí Minh, Việt Nam",,,Self-sourced,,Phạm Tiến Thiêm,Hoàng Hà Trang,GCP,,,Create Deal,Create Contact,Create Prospect,2026/05/06 17:53,174,2026/05/20 14:25,Hoàng Hà Trang
GCP_Acc_153,IDICO CORPORATION,idico.com.vn,0302177966,"151A Nguyễn Đình Chiểu, Phường Xuân Hòa, Thành phố Hồ Chí Minh, Việt Nam",,,Self-sourced,,Phạm Tiến Thiêm,Hoàng Hà Trang,GCP,,,Create Deal,Create Contact,Create Prospect,2026/05/06 17:54,175,2026/05/20 14:25,Hoàng Hà Trang
GCP_Acc_154,JobHopin,no,0316945449,"672A28 Phan Văn Trị, Phường 10, Quận Gò Vấp, Thành phố Hồ Chí Minh, Việt Nam",,,Self-sourced,,Phạm Tiến Thiêm,Hoàng Hà Trang,GCP,,,Create Deal,Create Contact,Create Prospect,2026/05/06 17:55,176,2026/05/20 14:25,Hoàng Hà Trang
GCP_Acc_155,Lozi Vietnam Jsc.,dùng app,0313546809,"Lầu 4, Tòa nhà Lữ Gia, 70 Lữ Gia, Phường 15, Quận 11, Thành phố Hồ Chí Minh, Việt Nam",,,Self-sourced,,Phạm Tiến Thiêm,Hoàng Hà Trang,GCP,,,Create Deal,Create Contact,Create Prospect,2026/05/06 17:57,177,2026/05/20 14:25,Hoàng Hà Trang
GCP_Acc_156,GIMO,gimo.vn,0108783839,"      Tầng 10, Toà nhà ADG, Số 37, Phố Lê Văn Thiêm, Phường Thanh Xuân, Thành phố Hà Nội, Việt Nam",,,Self-sourced,,Phạm Tiến Thiêm,Hoàng Hà Trang,GCP,,,Create Deal,Create Contact,Create Prospect,2026/05/06 17:57,178,2026/05/20 14:25,Hoàng Hà Trang
GCP_Acc_157,YouHomes,youhomes.vn,0106927002,"Số 92A Đường Mễ Trì Hạ, Phường Mễ Trì, Quận Nam Từ Liêm, Thành phố Hà Nội, Việt Nam",,,Self-sourced,,Phạm Tiến Thiêm,Hoàng Hà Trang,GCP,,,Create Deal,Create Contact,Create Prospect,2026/05/06 17:58,179,2026/05/20 14:25,Hoàng Hà Trang
GCP_Acc_158,TITITADA,tititada.com,0317310674 ,"        Tầng 10, Tòa nhà FiveStar, Số 28bis Mạc Đĩnh Chi, Phường Đa Kao, Quận 1, Thành phố Hồ Chí Minh, Việt Nam",,,Self-sourced,,Phạm Tiến Thiêm,Hoàng Hà Trang,GCP,,,Create Deal,Create Contact,Create Prospect,2026/05/08 08:52,180,2026/05/20 14:25,Hoàng Hà Trang
GCP_Acc_159,KAMEREO,kamereo.vn,0315000500,"F05&F06A Tầng 1 – Tòa nhà The Manor Officetel, 89 Nguyễn Hữu Cảnh, Phường Thạnh Mỹ Tây, Thành phố Hồ Chí Minh, Việt Nam",,,Self-sourced,,Phạm Tiến Thiêm,Hoàng Hà Trang,GCP,,,Create Deal,Create Contact,Create Prospect,2026/05/08 11:31,181,2026/05/20 14:25,Hoàng Hà Trang
GCP_Acc_160,eDoctor ,edoctor.io,0106462477," 69 Đường Đinh Bộ Lĩnh, Phường 26, Quận Bình Thạnh, Thành phố Hồ Chí Minh, Việt Nam",,,Self-sourced,,Phạm Tiến Thiêm,Hoàng Hà Trang,GCP,,,Create Deal,Create Contact,Create Prospect,2026/05/08 11:32,182,2026/05/20 14:25,Hoàng Hà Trang
GCP_Acc_161,THE MINDER STUDIO,,https://minder.studio/,"Tầng 16, Tòa nhà HL, Số 6 ngõ 82 Đường Duy Tân, Phường Dịch Vọng Hậu, Quận Cầu Giấy, Thành phố Hà Nội, Việt Nam",,,Self-sourced,,Phạm Tiến Thiêm,Hoàng Hà Trang,GCP,,,Create Deal,Create Contact,Create Prospect,2026/05/08 11:33,183,2026/05/20 14:25,Hoàng Hà Trang
GCP_Acc_162,Sao Mai Group,saomaigroup.com,1600169024,"Số 326 Hùng Vương, Phường Long Xuyên, Tỉnh An Giang, Việt Nam",,,Self-sourced,,Phạm Tiến Thiêm,Hoàng Hà Trang,GCP,,,Create Deal,Create Contact,Create Prospect,2026/05/08 11:33,184,2026/05/20 14:25,Hoàng Hà Trang
GCP_Acc_163,GearVN,gearvn.com,316517394,"82 Hoàng Hoa Thám, Phường Bảy Hiền, TP Hồ Chí Minh, Việt Nam",,,Self-sourced,,Phạm Tiến Thiêm,Hoàng Hà Trang,GCP,,,Create Deal,Create Contact,Create Prospect,2026/05/08 13:39,185,2026/05/20 14:26,Hoàng Hà Trang
GCP_Acc_172,KEETTA,keeta-global.com,0319118905,"Số 76/28A2 Đường Phan Tây Hồ, Khu phố 16, Phường Cầu Kiệu, Thành phố
Hồ Chí Minh, Việt Nam",,,Self-sourced,,Phạm Tiến Thiêm,Hoàng Hà Trang,GCP,GCP_Con_041,GCP_Deal_160,Create Deal,Create Contact,Create Prospect,2026/05/14 14:07,,2026/05/20 14:25,Hoàng Hà Trang
GCP_Acc_173,Pancake,pancake.vn,0109039397,"PZ4-T3 F-Zone, KĐT Vinhomes Smart City, Phường Tây Mỗ, Thành phố Hà Nội, Việt Nam",,,Self-sourced,,Phạm Tiến Thiêm,Hoàng Hà Trang,GCP,,,Create Deal,Create Contact,Create Prospect,2026/05/14 14:14,189,2026/05/20 14:25,Hoàng Hà Trang
GCP_Acc_174,Sói Biển,soibien.vn,0107522785,"Tầng 3, Lô S5-20 Cụm sản xuất làng nghề Triều Khúc, Phường Thanh Liệt, Thành phố Hà Nội, Việt Nam",,,Self-sourced,,Phạm Tiến Thiêm,Hoàng Hà Trang,GCP,,,Create Deal,Create Contact,Create Prospect,2026/05/14 14:16,190,2026/05/20 14:25,Hoàng Hà Trang
GCP_Acc_175,Lam Thảo COSMETICS,lamthaocosmetics.vn,0318085848,"
49 Trần Hưng Đạo, Phường Tân Sơn Nhì, Thành phố Hồ Chí Minh, Việt Nam",,,Self-sourced,,Phạm Tiến Thiêm,Hoàng Hà Trang,GCP,,,Create Deal,Create Contact,Create Prospect,2026/05/14 14:17,191,2026/05/20 14:25,Hoàng Hà Trang
GCP_Acc_176,Homefarm,homefarm.vn," 0107814139","Số 282 Phố Hoàng Văn Thái, Phường Khương Đình, Thành phố Hà Nội, Việt Nam",,,Self-sourced,,Phạm Tiến Thiêm,Hoàng Hà Trang,GCP,,,Create Deal,Create Contact,Create Prospect,2026/05/14 14:21,192,2026/05/20 14:25,Hoàng Hà Trang
GCP_Acc_177,Tierra Diamond,tierra.vn,0314071883,"70 Trương Quyền, Phường Xuân Hòa, Thành phố Hồ Chí Minh, Việt Nam",,,Self-sourced,,Phạm Tiến Thiêm,Hoàng Hà Trang,GCP,,,Create Deal,Create Contact,Create Prospect,2026/05/14 14:22,193,2026/05/20 14:25,Hoàng Hà Trang
GCP_Acc_178,ABAHA,abaha.vn,0109809455,"Tầng 09, Tòa nhà 3D, Số 03 phố Duy Tân, Phường Dịch Vọng Hậu, Quận Cầu Giấy, Thành phố Hà Nội, Việt Nam",,,Self-sourced,,Phạm Tiến Thiêm,Hoàng Hà Trang,GCP,,,Create Deal,Create Contact,Create Prospect,2026/05/14 14:23,194,2026/05/20 14:25,Hoàng Hà Trang
GCP_Acc_192,MEOWCART,meowcart.net,0315878140,"90 Đào Duy Anh, Phường 09, Quận Phú Nhuận, Thành phố Hồ Chí Minh, Việt Nam",,,Self-sourced,,Phạm Tiến Thiêm,Hoàng Hà Trang,GCP,,,Create Deal,Create Contact,Create Prospect,2026/05/15 17:48,203,2026/05/20 14:25,Hoàng Hà Trang
GCP_Acc_194,MIALALA,mialala.vn,0109144779,"
V5-B05 Shophouse The Terra An Hưng, Phường Dương Nội, Thành phố Hà Nội, Việt Nam",,Ecommerce,Self-sourced,,Phạm Tiến Thiêm,Hoàng Hà Trang,GCP,,,Create Deal,Create Contact,Create Prospect,2026/05/20 14:32,204,2026/05/20 14:40,Hoàng Hà Trang
GCP_Acc_195,TPOS,tpos.vn,0107966124,"Số nhà 29 đường Xóm Đông, thôn Cổ Dương, Xã Tiên Dương, Huyện Đông Anh, Thành phố Hà Nội, Việt Nam",,Ecommerce,Self-sourced,,Phạm Tiến Thiêm,Hoàng Hà Trang,GCP,,,Create Deal,Create Contact,Create Prospect,2026/05/20 14:32,205,2026/05/20 14:42,Hoàng Hà Trang
GCP_Acc_196,PRIME COMMERCE,công ty tnhh prime commerce việt nam,0315178371,"88/12 Đường Thái Phiên, Phường 2, Quận 11, Thành phố Hồ Chí Minh, Việt Nam",,Ecommerce,Self-sourced,,Phạm Tiến Thiêm,Hoàng Hà Trang,GCP,,,Create Deal,Create Contact,Create Prospect,2026/05/20 14:33,206,2026/05/20 14:43,Hoàng Hà Trang
GCP_Acc_216,Ejoy English,ejoy-english.com,0108891859,"Tầng 3, nhà A17, số 17 Tạ Quang Bửu, Phường Bách Khoa, Quận Hai Bà Trưng, Thành phố Hà Nội, Việt Nam",,Edtech,Self-sourced,,Phạm Tiến Thiêm,Hoàng Hà Trang,GCP,,,Create Deal,Create Contact,Create Prospect,2026/05/22 12:26,209,2026/05/22 13:49,Hoàng Hà Trang
GCP_Acc_217,DotB,dotb.vn,0317382125,"545/40/2/5 Đường Nguyễn Xiển, Phường Long Thạnh Mỹ, Thành phố Thủ Đức, Thành phố Hồ Chí Minh, Việt Nam",,Edtech,Self-sourced,,Phạm Tiến Thiêm,Hoàng Hà Trang,GCP,,,Create Deal,Create Contact,Create Prospect,2026/05/22 12:27,210,2026/05/22 13:52,Hoàng Hà Trang
GCP_Acc_218,POINT AVENUE,"tầng 3, noct1, e4 khu đô thị mới yên hoà , phường cầu giấy, thành phố hà nội, việt n",0108347783,"Tầng 3, NOCT1, E4 Khu đô thị mới Yên Hoà , Phường Cầu Giấy, Thành phố Hà Nội",,Edtech,Self-sourced,,Phạm Tiến Thiêm,Hoàng Hà Trang,GCP,,,Create Deal,Create Contact,Create Prospect,2026/05/22 12:28,211,2026/05/22 13:53,Hoàng Hà Trang
GCP_Acc_219,JOLO English,hoc-ielts.jolo.edu.vn,0106305989,"Số 4, ngõ 54, phố Nguyễn Thị Định, Phường Yên Hòa, Thành phố Hà Nội, Việt Nam",,Edtech,Self-sourced,,Phạm Tiến Thiêm,Hoàng Hà Trang,GCP,,,Create Deal,Create Contact,Create Prospect,2026/05/22 12:28,212,2026/05/22 13:56,Hoàng Hà Trang
GCP_Acc_008,AIVOS,"aivos.tech
",,,,AI,Self-sourced,SMB,Phạm Tiến Thiêm,Hoàng Tuấn Dương,GCP,GCP_Con_008,GCP_Deal_006,Create Deal,Create Contact,Create Prospect,2026/03/17 17:15,,2026/04/15 10:49,Nguyễn Văn Bằng
GCP_Acc_009,KG Vietnam,kgvietnam.com,0109512655,,,Fashion,Self-sourced,CORP,Phạm Tiến Thiêm,Hoàng Tuấn Dương,GCP,GCP_Con_009,GCP_Deal_060,Create Deal,Create Contact,Create Prospect,2026/03/17 17:15,,2026/04/15 10:49,Nguyễn Văn Bằng
GCP_Acc_014,ChatX,chatx.vn,0110775296,,,AI,Self-sourced,SMB,Phạm Tiến Thiêm,Hoàng Tuấn Dương,GCP,,GCP_Deal_020,Create Deal,Create Contact,Create Prospect,2026/03/17 17:15,,2026/04/15 10:49,
GCP_Acc_200,,,,,,,,,Phạm Tiến Thiêm,Hoàng Tuấn Dương,GCP,,,Create Deal,Create Contact,Create Prospect,2026/05/20 16:04,,2026/05/20 16:04,
GCP_Acc_201,,,,,,,,,Phạm Tiến Thiêm,Hoàng Tuấn Dương,GCP,,,Create Deal,Create Contact,Create Prospect,2026/05/20 16:04,,2026/05/20 16:04,
GCP_Acc_207,,,,,,,,,Phạm Tiến Thiêm,Hoàng Tuấn Dương,GCP,,,Create Deal,Create Contact,Create Prospect,2026/05/20 16:08,,2026/05/20 16:08,
GCP_Acc_166,VinDynamics,vindynamics.net,0111223900,"Tòa nhà Symphony, Khu đô thị Vinhomes Riverside, Phường Phúc Lợi, TP Hà Nội, Việt Nam",,Manufacturing & Automotive,Self-sourced,Corp,Phạm Tiến Thiêm,Lê Đức Thành,GCP,,,Create Deal,Create Contact,Create Prospect,2026/05/11 17:25,186,2026/05/20 16:37,Lê Đức Thành
GCP_Acc_179,Vidoco,vidoco.vn,0318493597,"Số 640/2 Trường Chinh, Phường 15, Quận Tân Bình, Thành phố Hồ Chí Minh, Việt Nam",,Agency,,SMB,Phạm Tiến Thiêm,Lê Đức Thành,GCP,,GCP_Deal_162,Create Deal,Create Contact,Create Prospect,2026/05/14 17:10,,2026/05/20 15:51,Nguyễn Khánh Ly
GCP_Acc_193," CÔNG TY CỔ PHẦN LIÊN DOANH KANGAROO QUỐC TẾ",kangaroo.vn,0901095455,"Thôn Vĩnh Lộc, xã Văn Giang, tỉnh Hưng Yên, Việt Nam",,Manufacturing & Automotive,,,Phạm Tiến Thiêm,Lê Đức Thành,GCP,,GCP_Deal_163,Create Deal,Create Contact,Create Prospect,2026/05/20 11:55,207,2026/05/20 16:03,Lê Đức Thành
GCP_Acc_206,CTY TNHH 1YEARS,plusai.vn,0319452642,"Tòa nhà Barotex, Số 6 Võ Văn Kiệt, Phường Sài Gòn, Thành phố Hồ Chí Minh, Việt Nam",,Technology - Software/SaaS,,SMB,Phạm Tiến Thiêm,Lê Đức Thành,GCP,,GCP_Deal_164,Create Deal,Create Contact,Create Prospect,2026/05/20 16:07,,2026/05/20 16:13,Lê Đức Thành
GCP_Acc_209,Đại học Phan Thiết,upt.edu.vn,3400823589,"Khu phố 5, Phường Phú Thủy, Tỉnh Lâm Đồng, Việt Nam",,Education,Google ,,Phạm Tiến Thiêm,Lê Đức Thành,GCP,,GCP_Deal_165,Create Deal,Create Contact,Create Prospect,2026/05/20 16:15,,2026/05/20 16:17,Lê Đức Thành
GCP_Acc_213,Schindler Vietnam,schindler.vn,0300798220,"Lầu 18, Tòa nhà Melinh Point, số 2, đường Ngô Đức Kế, Phường Sài Gòn, TP Hồ Chí Minh, Việt Nam",,Manufacturing & Automotive,,Corp,Phạm Tiến Thiêm,Lê Đức Thành,GCP,,,Create Deal,Create Contact,Create Prospect,2026/05/20 16:30,208,2026/05/20 16:36,Lê Đức Thành
GCP_Acc_228,ICID,china,China,China,,Technology - Software/SaaS,,,Phạm Tiến Thiêm,Lê Đức Thành,GCP,,GCP_Deal_169,Create Deal,Create Contact,Create Prospect,2026/05/22 17:47,,2026/05/22 17:50,Lê Đức Thành
GCP_Acc_010,Creatix technology,creatixtech.com,0110633862,,,Personal services,Self-sourced,SMB,Phạm Tiến Thiêm,Vũ Đức Nghĩa,GCP,,GCP_Deal_022,Create Deal,Create Contact,Create Prospect,2026/03/17 17:15,,2026/04/15 10:49,
GCP_Acc_013,Dmobin,dmobin.com,0108895155,,,Games,Self-sourced,SMB,Phạm Tiến Thiêm,Vũ Đức Nghĩa,GCP,,GCP_Deal_032,Create Deal,Create Contact,Create Prospect,2026/03/17 17:15,,2026/04/15 10:49,
GCP_Acc_023,Denso,denso.com/vn,,,,Manufacturing,Self-sourced,CORP,Phạm Tiến Thiêm,Vũ Đức Nghĩa,GCP,,GCP_Deal_030,Create Deal,Create Contact,Create Prospect,2026/03/17 17:15,,2026/04/15 10:49,
GCP_Acc_016,VSI - Digiup,vsi.com.vn,,,,Bank,Self-sourced,ENTERPRISE,Phạm Tiến Thiêm,Nguyễn Hoài Phương,GCP,,GCP_Deal_109,Create Deal,Create Contact,Create Prospect,2026/03/17 17:15,,2026/04/15 10:49,
GCP_Acc_017,VPBank,vpbank.com.vn,0309666451,,,BFSI,Self-sourced,ENTERPRISE,Phạm Tiến Thiêm,Nguyễn Hoài Phương,GCP,"GCP_Con_010,GCP_Con_011,GCP_Con_020","GCP_Deal_105,GCP_Deal_106,GCP_Deal_107,GCP_Deal_108,GCP_Deal_138",Create Deal,Create Contact,Create Prospect,2026/03/17 17:15,,2026/04/15 10:49,Nguyễn Văn Bằng
GCP_Acc_018,Tân Hiệp Phát,thp.com.vn,,,,Manufacturing,Self-sourced,SMB,Phạm Tiến Thiêm,Nguyễn Hoài Phương,GCP,GCP_Con_012,GCP_Deal_097,Create Deal,Create Contact,Create Prospect,2026/03/17 17:15,,2026/04/15 10:49,Nguyễn Văn Bằng
GCP_Acc_019,Torrilab,printerval.com,,,,AI,Self-sourced,SMB,Phạm Tiến Thiêm,Nguyễn Hoài Phương,GCP,GCP_Con_013,GCP_Deal_095,Create Deal,Create Contact,Create Prospect,2026/03/17 17:15,,2026/04/15 10:49,Nguyễn Văn Bằng
GCP_Acc_020,Printerval,printerval.com,0109711259,,,E-com,Self-sourced,SMB,Phạm Tiến Thiêm,Nguyễn Hoài Phương,GCP,"GCP_Con_014,GCP_Con_015","GCP_Deal_074,GCP_Deal_075,GCP_Deal_076,GCP_Deal_077,GCP_Deal_078,GCP_Deal_148",Create Deal,Create Contact,Create Prospect,2026/03/17 17:15,,2026/04/21 10:41,Nguyễn Hoài Phương
GCP_Acc_026,Đại Hữu,daihuu.net,,,,Internet service ,Self-sourced,SMB,Phạm Tiến Thiêm,Nguyễn Hoài Phương,GCP,GCP_Con_021,"GCP_Deal_127,GCP_Deal_028,GCP_Deal_142",Create Deal,Create Contact,Create Prospect,2026/03/17 17:15,,2026/04/15 10:49,Nguyễn Hoài Phương
GCP_Acc_028,Soji,sojielectronics.com,,,,Manufacturing,Self-sourced,SMB,Phạm Tiến Thiêm,Nguyễn Hoài Phương,GCP,GCP_Con_022,"GCP_Deal_082,GCP_Deal_083",Create Deal,Create Contact,Create Prospect,2026/03/17 17:15,,2026/04/15 10:49,Nguyễn Văn Bằng
GCP_Acc_032,CoderPush,coderpush.com,,,,,Self-sourced,SMB,Phạm Tiến Thiêm,Nguyễn Hoài Phương,GCP,,GCP_Deal_021,Create Deal,Create Contact,Create Prospect,2026/03/17 17:15,,2026/04/15 10:49,
GCP_Acc_033,FPTS,fpts.com.vn,,,,Finance & Banking,Self-sourced,SMB,Phạm Tiến Thiêm,Nguyễn Hoài Phương,GCP,,"GCP_Deal_037,GCP_Deal_159",Create Deal,Create Contact,Create Prospect,2026/03/17 17:15,,2026/05/11 10:47,Nguyễn Hoài Phương
GCP_Acc_041,CTInnovation,ctgroupvietnam.co,0110023835,"Tầng 7, tòa nhà Hanoitourist, 18 Lý Thường Kiệt, P Cửa Nam, TP Hà Nội",01C71A-252F7E-7ACC92,Technology and Software,Website,100,Phạm Tiến Thiêm,Nguyễn Hoài Phương,GCP,,GCP_Deal_019,Create Deal,Create Contact,Create Prospect,2026/03/30 10:34,,2026/04/15 10:49,
GCP_Acc_043,Vegastar,vegastar.com.vn,0101069142,"Vegastar Building, số 37 phố Thi Sách, phường Hai Bà Trưng, TP. Hà Nội",Chưa có,Technology,Google ,SMB,Phạm Tiến Thiêm,Nguyễn Hoài Phương,GCP,,"GCP_Deal_111,GCP_Deal_112,GCP_Deal_113",Create Deal,Create Contact,Create Prospect,2026/03/30 10:34,,2026/04/15 10:49,
GCP_Acc_044,ISC Education,isc.education,0104898691,,,Professional Services,Google ,SMB,Phạm Tiến Thiêm,Nguyễn Hoài Phương,GCP,,"GCP_Deal_053,GCP_Deal_054",Create Deal,Create Contact,Create Prospect,2026/03/30 10:34,,2026/04/15 10:49,
GCP_Acc_045,Byscom,byscom.vn,,,,Professional Services,Google ,SMB,Phạm Tiến Thiêm,Nguyễn Hoài Phương,GCP,,"GCP_Deal_130,GCP_Deal_018",Create Deal,Create Contact,Create Prospect,2026/03/30 10:34,,2026/04/15 10:49,
GCP_Acc_051,Officity,officity.vn,0100364307,"Tầng 6, tòa nhà 25T2, đường Nguyễn Thị Thập, Phường Yên Hòa, Thành phố Hà Nội, Việt Nam
",,Technology,Referral,SMB,Phạm Tiến Thiêm,Nguyễn Hoài Phương,GCP,,"GCP_Deal_141,GCP_Deal_151",Create Deal,Create Contact,Create Prospect,2026/04/06 17:10,,2026/04/23 15:20,Nguyễn Hoài Phương
GCP_Acc_090,Xipat (Cyber),xipat.com,0109598571,,,Technology,Partnership,SMB,Phạm Tiến Thiêm,Nguyễn Hoài Phương,GCP,GCP_Con_037,GCP_Deal_144,Create Deal,Create Contact,Create Prospect,2026/04/14 17:47,,2026/04/15 10:49,Nguyễn Hoài Phương
GCP_Acc_128,Gobiz,https://gobiz.vn/,0100364307,"Tầng 6, tòa nhà 25T2, đường Nguyễn Thị Thập, Phường Yên Hòa, Thành phố Hà Nội, Việt Nam",,Technology,Referral,SMB,Phạm Tiến Thiêm,Nguyễn Hoài Phương,GMAP,,"GCP_Deal_152,GCP_Deal_154",Create Deal,Create Contact,Create Prospect,2026/04/23 15:25,,2026/04/24 10:34,Nguyễn Hoài Phương
GCP_Acc_164,JITS,jits.com.vn,0107486223,"Tầng 2, tòa nhà CT1, Khu nhà ở xã hội cho cán bộ chiến sĩ Bộ Công An, Phường Đông Ngạc, Thành phố Hà Nội, Việt Nam",,Technology,Referral,SMB,Phạm Tiến Thiêm,Nguyễn Hoài Phương,GCP,,GCP_Deal_157,Create Deal,Create Contact,Create Prospect,2026/05/11 10:20,,2026/05/11 10:22,Nguyễn Hoài Phương
GCP_Acc_165,AF Services (Anfin),anfin.vn,0317494012,"222 Điện Biên Phủ, Phường Xuân Hòa, Thành phố Hồ Chí Minh, Việt Nam

",,Finance & Banking,Referral,SMB,Phạm Tiến Thiêm,Nguyễn Hoài Phương,GCP,,GCP_Deal_158,Create Deal,Create Contact,Create Prospect,2026/05/11 10:29,,2026/05/11 10:30,Nguyễn Hoài Phương
GCP_Acc_230,Ngoc Thien One,ngocthien.one,4101642064,"Số 111 Lê Hồng Phong, Phường Quy Nhơn, Tỉnh Gia Lai, Việt Nam",,,,,Phạm Tiến Thiêm,Nguyễn Khánh Ly,GCP,,,Create Deal,Create Contact,Create Prospect,2026/05/25 09:43,,2026/05/25 09:43,
GCP_Acc_137,Papaya,papaya.asia,,,,,,,Phạm Tiến Thiêm,Nguyễn Văn Bằng,GCP,,,Create Deal,Create Contact,Create Prospect,2026/04/24 11:08,,2026/04/24 11:08,CRM
GCP_Acc_199,,,,,,,,,Phạm Tiến Thiêm,Nguyễn Văn Bằng,GCP,,,Create Deal,Create Contact,Create Prospect,2026/05/20 15:51,,2026/05/20 15:51,
GCP_Acc_012,Access Trade,accesstrade.vn,,,,Afiliate Marketing,Self-sourced,CORP,Phạm Tiến Thiêm,Phạm Tiến Thiêm,GCP,,GCP_Deal_009,Create Deal,Create Contact,Create Prospect,2026/03/17 17:15,,2026/04/15 10:49,
GCP_Acc_050,Viettel IDC,https://viettelidc.com.vn/,0500589150,Hapulico Buliding,"Khu TT, Khu công nghệ cao Hòa Lạc, Km29, Đại lộ Thăng Long, , Thành phố Hà Nội, Việt Nam",Technology and Software,Sự kiện,SMB,Phạm Tiến Thiêm,Phạm Tiến Thiêm,GCP,,GCP_Deal_140,Create Deal,Create Contact,Create Prospect,2026/04/03 13:32,,2026/04/15 10:49,Nguyễn Văn Bằng
GCP_Acc_114,Robusto,robusto.ai,0601251590,"P403, Tầng 4, Tòa nhà Ocean Park, Số 1 Đào Duy Anh, Phường Kim Liên, TP Hà Nội, Việt Nam",,,,,Phạm Tiến Thiêm,Phạm Tiến Thiêm,GCP,GCP_Con_039,GCP_Deal_146,Create Deal,Create Contact,Create Prospect,2026/04/17 18:20,,2026/04/17 18:23,Phạm Tiến Thiêm
GCP_Acc_115,Metub CÔNG TY CỔ PHẦN METUB VIỆT NAM,metub.net,0313658809,"40 Nguyen Van Huong, Thao Dien Ward, Thu Duc City, HCM ",,,,,Phạm Tiến Thiêm,Phạm Tiến Thiêm,GCP,,GCP_Deal_149,Create Deal,Create Contact,Create Prospect,2026/04/21 10:50,,2026/04/21 10:53,Phạm Tiến Thiêm
GCP_Acc_001,U2U Network,U2U.xyz,0110833540,,,Blockchain,Self-sourced,CORP,Phạm Tiến Thiêm,Trần Hậu Nhân,GCP,"GCP_Con_001,GCP_Con_027,GCP_Con_031",GCP_Deal_098,Create Deal,Create Contact,Create Prospect,2026/03/17 17:04,,2026/04/15 10:49,Nguyễn Văn Bằng
GCP_Acc_002,TNTech,tnteco.vn,,,,IT-outsourcing,Self-sourced,CORP,Phạm Tiến Thiêm,Trần Hậu Nhân,GCP,GCP_Con_002,"GCP_Deal_089,GCP_Deal_090,GCP_Deal_147",Create Deal,Create Contact,Create Prospect,2026/03/17 17:04,,2026/04/20 14:19,Nguyễn Hoài Phương
GCP_Acc_003,UCTalent,uctalent.io,0402238274,,,HRtech,Self-sourced,SMB,Phạm Tiến Thiêm,Trần Hậu Nhân,GCP,GCP_Con_003,GCP_Deal_099,Create Deal,Create Contact,Create Prospect,2026/03/17 17:04,,2026/04/15 10:49,Nguyễn Văn Bằng
GCP_Acc_004,Gamefi,gamefi.org,0318222533,,,Game Blockchain,Self-sourced,CORP,Phạm Tiến Thiêm,Trần Hậu Nhân,GCP,GCP_Con_004,GCP_Deal_046,Create Deal,Create Contact,Create Prospect,2026/03/17 17:04,,2026/04/15 10:49,Nguyễn Văn Bằng
GCP_Acc_005,MSD,www.msd.com,,,,Traditional,Self-sourced,SMB,Phạm Tiến Thiêm,Trần Hậu Nhân,GCP,GCP_Con_005,GCP_Deal_063,Create Deal,Create Contact,Create Prospect,2026/03/17 17:15,,2026/04/15 10:49,Nguyễn Văn Bằng
GCP_Acc_006,VCCE,vcc.exchange,,,,Blockchain,Self-sourced,CORP,Phạm Tiến Thiêm,Trần Hậu Nhân,GCP,GCP_Con_006,"GCP_Deal_101,GCP_Deal_102",Create Deal,Create Contact,Create Prospect,2026/03/17 17:15,,2026/04/15 10:49,Nguyễn Văn Bằng
GCP_Acc_007,Edulive ,edulive.net,,,,Edtech,Self-sourced,SMB,Phạm Tiến Thiêm,Trần Hậu Nhân,GCP,GCP_Con_007,GCP_Deal_034,Create Deal,Create Contact,Create Prospect,2026/03/17 17:15,,2026/04/15 10:49,Nguyễn Văn Bằng
GCP_Acc_015,Nexars Games,nexars.com,,,,Games,Self-sourced,SMB,Phạm Tiến Thiêm,Trần Hậu Nhân,GCP,,GCP_Deal_067,Create Deal,Create Contact,Create Prospect,2026/03/17 17:15,,2026/04/15 10:49,
GCP_Acc_024,Vocast.Studio,vocast.studio,,,,AI,Self-sourced,SMB,Phạm Tiến Thiêm,Trần Hậu Nhân,GCP,GCP_Con_018,GCP_Deal_121,Create Deal,Create Contact,Create Prospect,2026/03/17 17:15,,2026/04/15 10:49,Nguyễn Văn Bằng
GCP_Acc_025,EZG,ezg.vn,,,,Game,Self-sourced,Follow-up,Phạm Tiến Thiêm,Trần Hậu Nhân,GCP,GCP_Con_019,GCP_Deal_033,Create Deal,Create Contact,Create Prospect,2026/03/17 17:15,,2026/04/15 10:49,Nguyễn Văn Bằng
GCP_Acc_035,công ty tnhh chatbotviet,chatbotviet.ai,0108342827,Hà Nội,số 123 Láng Hạ,AI,website,Doanh Nghiệp Nhỏ,Phạm Tiến Thiêm,Trần Hậu Nhân,GCP,GCP_Con_026,,Create Deal,Create Contact,Create Prospect,2026/03/30 10:33,,2026/04/06 15:03,Nguyễn Văn Bằng
GCP_Acc_039,CÔNG TY CỔ PHẦN CÔNG NGHỆ EUP,eupgroup.net,0107482236,"315 Truong Chinh, Phuong Liet Ward, Hanoi",,EDTECH,Google ,Doanh nghiệp lớn,Phạm Tiến Thiêm,Trần Hậu Nhân,GCP,GCP_Con_025,GCP_Deal_125,Create Deal,Create Contact,Create Prospect,2026/03/30 10:34,,2026/04/15 10:49,Nguyễn Văn Bằng
GCP_Acc_040,CÔNG TY CỔ PHẦN HOUSENOW,housenow.com.vn," 0110349749","216 Nguyen Trai Street, Thanh Xuan Ward, Thanh Xuan District, Hanoi 100000, Vietnam.",,Real-Estate,Google ,Doanh Nghiệp Nhỏ,Phạm Tiến Thiêm,Trần Hậu Nhân,GCP,,,Create Deal,Create Contact,Create Prospect,2026/03/30 10:34,,2026/04/02 09:22,
GCP_Acc_042,CÔNG TY TNHH MỘT THÀNH VIÊN CÔNG NGHỆ AN VUI,anvui.vn,0107003437,"Tầng 5, Tower D, 15 Lê Văn Thiêm, Thanh Xuân, Hà Nội",,Logistics & Supply Chain,Google ,SMB,Phạm Tiến Thiêm,Trần Hậu Nhân,GCP,GCP_Con_028,"GCP_Deal_023,GCP_Deal_153",Create Deal,Create Contact,Create Prospect,2026/03/30 10:34,,2026/04/23 18:13,Trần Hậu Nhân
GCP_Acc_047,True Sport,truesport.com.au,479355643356,Hanoi,Hanoi,Entertainment,Self-sourced,SMB,Phạm Tiến Thiêm,Trần Hậu Nhân,GCP,GCP_Con_029,GCP_Deal_137,Create Deal,Create Contact,Create Prospect,2026/04/02 14:20,,2026/04/15 10:49,Nguyễn Văn Bằng
GCP_Acc_048,Thagaco,thagaco.com.vn,,Hanoi,Hanoi,Manufacturing,Self-sourced,SMB,Phạm Tiến Thiêm,Trần Hậu Nhân,GCP,GCP_Con_030,GCP_Deal_135,Create Deal,Create Contact,Create Prospect,2026/04/02 14:39,,2026/04/15 10:49,Nguyễn Văn Bằng
GCP_Acc_052,MSB Bank,msb.com.vn,0200124891,"Số 54A Nguyễn Chí Thanh, Phường Láng, TP Hà Nội, Việt Nam","Số 54A Nguyễn Chí Thanh, Phường Láng, TP Hà Nội, Việt Nam",Bank,Google ,Corp,Phạm Tiến Thiêm,Trần Hậu Nhân,GCP,GCP_Con_032,GCP_Deal_143,Create Deal,Create Contact,Create Prospect,2026/04/08 09:44,,2026/04/15 10:49,Trần Hậu Nhân
GCP_Acc_091,AZBranding,azbranding.com.vn,,,,Media & Advertising,Website,SMB,Phạm Tiến Thiêm,Trần Hậu Nhân,GCP,GCP_Con_038,GCP_Deal_145,Create Deal,Create Contact,Create Prospect,2026/04/14 18:03,,2026/04/15 10:49,Trần Hậu Nhân
GCP_Acc_214,PVcomBank,pvcombank.com.vn,,,,Bank,Website,CORP,Phạm Tiến Thiêm,Trần Hậu Nhân,GCP,"GCP_Con_042,GCP_Con_043","GCP_Deal_166,GCP_Deal_167",Create Deal,Create Contact,Create Prospect,2026/05/21 17:59,,2026/05/21 18:07,Trần Hậu Nhân
GCP_Acc_215,Hoàng Thành Group,hoangthanh.com,,,,Real Estate & Construction,Google ,SMB,Phạm Tiến Thiêm,Trần Hậu Nhân,GCP,GCP_Con_044,GCP_Deal_168,Create Deal,Create Contact,Create Prospect,2026/05/21 18:08,,2026/05/21 18:12,Trần Hậu Nhân
GCP_Acc_036,Công ty Cổ phần Vilaco,vilacojsc.com,0200574869,Hà Nội,"48 Kim Mã, Ba Đình, Hà Nội ",Retail ,Landing page,Doanh nghiệp nhỏ,Phạm Tiến Thiêm,Tăng Thuỳ Dương,GCP,,GCP_Deal_119,Create Deal,Create Contact,Create Prospect,2026/03/30 10:33,,2026/04/15 10:49,
GCP_Acc_037,CÔNG TY TNHH VIECIE,viecie.vn,,TP.HCM,015631-7923CB-047B80,Ecommerce,Self-sourced,Start-up,Phạm Tiến Thiêm,Tăng Thuỳ Dương,GCP,,"GCP_Deal_103,GCP_Deal_116",Create Deal,Create Contact,Create Prospect,2026/03/30 10:34,,2026/04/15 10:49,
GCP_Acc_038,Formtify,formtify.app,,,,Technology,Self-sourced,,Phạm Tiến Thiêm,Tăng Thuỳ Dương,GCP,,GCP_Deal_039,Create Deal,Create Contact,Create Prospect,2026/03/30 10:34,,2026/04/15 10:49,
GCP_Acc_011,Solar Bk,solarbk.vn,0601184457,,,Renewable Energy,Self-sourced,SMB,Phạm Tiến Thiêm,Tăng Thuỳ Dương,GCP,,GCP_Deal_084,Create Deal,Create Contact,Create Prospect,2026/03/17 17:15,,2026/04/15 10:49,
GCP_Acc_021,Thaco Agri,thacoagri.vn,4001174655,,,agriculture,Self-sourced,CORP,Phạm Tiến Thiêm,Tăng Thuỳ Dương,GCP,GCP_Con_016,"GCP_Deal_092,GCP_Deal_088",Create Deal,Create Contact,Create Prospect,2026/03/17 17:15,,2026/04/15 10:49,Nguyễn Văn Bằng
GCP_Acc_022,Generali,generali.vn,,,,insurance,Self-sourced,SMB,Phạm Tiến Thiêm,Tăng Thuỳ Dương,GCP,GCP_Con_017,GCP_Deal_047,Create Deal,Create Contact,Create Prospect,2026/03/17 17:15,,2026/04/15 10:49,Nguyễn Văn Bằng
GCP_Acc_027,VBS,vbstech.vn,,,,tech,Self-sourced,SMB,Phạm Tiến Thiêm,Tăng Thuỳ Dương,GCP,,"GCP_Deal_100,GCP_Deal_118",Create Deal,Create Contact,Create Prospect,2026/03/17 17:15,,2026/04/15 10:49,
GCP_Acc_029,Miageny,,,,,entertainment,Self-sourced,,Phạm Tiến Thiêm,Tăng Thuỳ Dương,GCP,GCP_Con_023,GCP_Deal_065,Create Deal,Create Contact,Create Prospect,2026/03/17 17:15,,2026/04/15 10:49,Nguyễn Văn Bằng
GCP_Acc_030,Delta International,delta.com.vn,,,,logistics,Self-sourced,,Phạm Tiến Thiêm,Tăng Thuỳ Dương,GCP,GCP_Con_024,GCP_Deal_029,Create Deal,Create Contact,Create Prospect,2026/03/17 17:15,,2026/04/15 10:49,Nguyễn Văn Bằng
GCP_Acc_031,AITS,aits.vn,,,,viễn thông,Self-sourced,,Phạm Tiến Thiêm,Tăng Thuỳ Dương,GCP,,"GCP_Deal_005,GCP_Deal_003",Create Deal,Create Contact,Create Prospect,2026/03/17 17:15,,2026/04/15 10:49,
GCP_Acc_034,An Khánh Mun,ankhanhstore.com,,,,,Self-sourced,,Phạm Tiến Thiêm,Tăng Thuỳ Dương,GCP,,GCP_Deal_011,Create Deal,Create Contact,Create Prospect,2026/03/17 17:15,,2026/04/15 10:49,
GCP_Acc_049,Lalago,https://lalago.vn/,0107959328,"Số nhà 38, Louis I – TT27, Khu nhà ở thấp tầng, đường 70, Phường Đại Mỗ, Quận Nam Từ Liêm, Thành phố Hà Nội, Việt Nam",,Tourism,Self-sourced,SMB,Phạm Tiến Thiêm,Đậu Thị Quỳnh Trâm,GCP,,,Create Deal,Create Contact,Create Prospect,2026/04/03 10:39,100,2026/04/15 15:11,Đậu Thị Quỳnh Trâm
GCP_Acc_053,TST tourist,tsttourist.com,0302531984,"10 Tú Xương, Phường Xuân Hòa, Thành phố Hồ Chí Minh, Việt Nam",,Tourism,Self-sourced,Doanh Nghiệp Nhỏ,Phạm Tiến Thiêm,Đậu Thị Quỳnh Trâm,GCP,,,Create Deal,Create Contact,Create Prospect,2026/04/08 09:48,101,2026/04/08 14:24,Đậu Thị Quỳnh Trâm
GCP_Acc_054,Vietrantour,vietrantour.com.vn,0101274751,"Tầng 1 tòa nhà Coalimex, Số 33 Tràng Thi, Phường Trần Hưng Đạo, Quận Hoàn Kiếm, Thành phố Hà Nội, Việt Nam",,Tourism,Self-sourced,Doanh Nghiệp Nhỏ,Phạm Tiến Thiêm,Đậu Thị Quỳnh Trâm,GCP,,,Create Deal,Create Contact,Create Prospect,2026/04/08 10:33,102,2026/04/08 14:24,Đậu Thị Quỳnh Trâm
GCP_Acc_055,Saigontourist,saigontourist.net,0310891532,"Tầng trệt và lầu 1, số 08 Đồng Khởi, Phường Sài Gòn, TP Hồ Chí Minh, Việt Nam",,Tourism,Self-sourced,Doanh nghiệp lớn,Phạm Tiến Thiêm,Đậu Thị Quỳnh Trâm,GCP,,,Create Deal,Create Contact,Create Prospect,2026/04/08 11:35,103,2026/04/08 14:24,Đậu Thị Quỳnh Trâm
GCP_Acc_061,Traveloka,traveloka.com,0313581779,"An Phú Plaza, TP HCM",,Tourism,Self-sourced,Doanh nghiệp lớn,Phạm Tiến Thiêm,Đậu Thị Quỳnh Trâm,GCP,,,Create Deal,Create Contact,Create Prospect,2026/04/08 16:19,110,2026/04/08 16:48,Đậu Thị Quỳnh Trâm
GCP_Acc_062,Vietravel,vietravel.com,0300465937,"190 Pasteur, TP HCM",,Tourism,Self-sourced,,Phạm Tiến Thiêm,Đậu Thị Quỳnh Trâm,GCP,,,Create Deal,Create Contact,Create Prospect,2026/04/08 16:20,111,2026/04/08 16:51,Đậu Thị Quỳnh Trâm
GCP_Acc_063,Bestprice,bestprice.vn,0104679428,"Tầng 1, Số 57 phố Trần Quốc Toản, Phường Cửa Nam, TP Hà Nội, Việt Nam",,Tourism,Self-sourced,SMB,Phạm Tiến Thiêm,Đậu Thị Quỳnh Trâm,GCP,,,Create Deal,Create Contact,Create Prospect,2026/04/08 16:21,112,2026/04/08 17:08,Đậu Thị Quỳnh Trâm
GCP_Acc_064,Mytour,mytour.vn,0105983269,"Tầng 20, Tòa HUD Tower, số 37 Lê Văn Lương, Phường Thanh Xuân, TP Hà Nội, Việt Nam",,Tourism,Self-sourced,,Phạm Tiến Thiêm,Đậu Thị Quỳnh Trâm,GCP,,,Create Deal,Create Contact,Create Prospect,2026/04/08 16:22,113,2026/04/08 16:59,Đậu Thị Quỳnh Trâm
GCP_Acc_069,Medi Travel Việt Nam,facebook.com/medivietnam/,0108676717,"Số 93B, ngõ 381 Nguyễn Khang, Tổ 12, Phường Cầu Giấy, TP Hà Nội, Việt Nam",,Tourism,Self-sourced,Startup,Phạm Tiến Thiêm,Đậu Thị Quỳnh Trâm,GCP,,,Create Deal,Create Contact,Create Prospect,2026/04/08 17:36,115,2026/04/08 17:39,Đậu Thị Quỳnh Trâm
GCP_Acc_070,VietSense Travel,vietsensetravel.com,0104731205,"Số 88 Xã Đàn, Phường Văn Miếu - Quốc Tử Giám, TP Hà Nội, Việt Nam",,Tourism,Self-sourced,Doanh nghiệp lớn,Phạm Tiến Thiêm,Đậu Thị Quỳnh Trâm,GCP,,,Create Deal,Create Contact,Create Prospect,2026/04/08 17:43,116,2026/04/09 10:44,Đậu Thị Quỳnh Trâm
GCP_Acc_076,Tugo travel,tugo.vn,0314025728,"121 - 123 Lý Tự Trọng, Phường Bến Thành, TP Hồ Chí Minh, Việt Nam",,Tourism,Self-sourced,SMB,Phạm Tiến Thiêm,Đậu Thị Quỳnh Trâm,GCP,,,Create Deal,Create Contact,Create Prospect,2026/04/09 12:22,120,2026/04/09 14:12,Đậu Thị Quỳnh Trâm
GCP_Acc_077,Gotadi,gotadi.com,0101510906,"151A Nguyễn Đình Chiểu, Phường Xuân Hòa, TP Hồ Chí Minh, Việt Nam",,,,,Phạm Tiến Thiêm,Đậu Thị Quỳnh Trâm,GCP,,,Create Deal,Create Contact,Create Prospect,2026/04/09 15:20,121,2026/04/10 09:50,Đậu Thị Quỳnh Trâm
GCP_Acc_078,TP bank,tpb.vn,,"Số 57 phố Lý Thường Kiệt, Phường Cửa Nam, Thành phố Hà Nội",,Finance & Banking,website,,Phạm Tiến Thiêm,Đậu Thị Quỳnh Trâm,GMAP,GCP_Con_035,,Create Deal,Create Contact,Create Prospect,2026/04/10 09:48,,2026/04/10 09:52,Đậu Thị Quỳnh Trâm
GCP_Acc_079,Goertek,goertek.com,,0,,Manufacturing & Automotive,website,,Phạm Tiến Thiêm,Đậu Thị Quỳnh Trâm,GMAP,GCP_Con_034,,Create Deal,Create Contact,Create Prospect,2026/04/10 09:50,,2026/04/10 09:52,Đậu Thị Quỳnh Trâm
GCP_Acc_082,Ricons,ricons.vn,,"96 Phan Dang Luu St., Duc Nhuan Ward, HCMC",,Xây dựng,website,Doanh nghiệp lớn,Phạm Tiến Thiêm,Đậu Thị Quỳnh Trâm,GMAP,,GCP_Deal_156,Create Deal,Create Contact,Create Prospect,2026/04/10 11:19,,2026/05/07 10:26,Đậu Thị Quỳnh Trâm
GCP_Acc_084,Image Travel & Events,imagetravel.vn,0312432735,"22 Nguyễn Trọng Lội, Phường Tân Sơn Nhất, TP Hồ Chí Minh, Việt Nam",,Tourism,Self-sourced,SMB,Phạm Tiến Thiêm,Đậu Thị Quỳnh Trâm,GCP,,,Create Deal,Create Contact,Create Prospect,2026/04/10 11:33,122,2026/04/10 12:10,Đậu Thị Quỳnh Trâm
GCP_Acc_085,Asia Exotica Vietnam,asiaexotica.com,0107487650,"Rio House. No 10, 450 Bach Dang Street, Hoan Kiem District, Hanoi, Vietnam",,Tourism,Self-sourced,,Phạm Tiến Thiêm,Đậu Thị Quỳnh Trâm,GCP,,,Create Deal,Create Contact,Create Prospect,2026/04/10 12:30,123,2026/04/13 12:07,Đậu Thị Quỳnh Trâm
GCP_Acc_092,PYS Travel,pystravel.com," 0105225586","Tầng 7, tòa nhà 315 Trường Chinh, Phường Phương Liệt, Thành phố Hà Nội, Việt Nam",,Tourism,Self-sourced,,Phạm Tiến Thiêm,Đậu Thị Quỳnh Trâm,GCP,,,Create Deal,Create Contact,Create Prospect,2026/04/15 08:58,125,2026/04/15 09:22,Đậu Thị Quỳnh Trâm
GCP_Acc_093,Hanoitourist,hanoitourist.vn,0100107500-021,"Số 18 phố Lý Thường Kiệt, Phường Cửa Nam, TP Hà Nội, Việt Nam",,Tourism,Self-sourced,75,Phạm Tiến Thiêm,Đậu Thị Quỳnh Trâm,GCP,,,Create Deal,Create Contact,Create Prospect,2026/04/15 14:13,126,2026/04/15 14:51,Đậu Thị Quỳnh Trâm
GCP_Acc_102,Footprint Travel Vietnam,footprint.vn,2700950811,"18A Ngo Tat To Str, Van Mieu – Quoc Tu Giam, Dong Da Dist, Hanoi, Vietnam, 10000",,Tourism,Self-sourced,50,Phạm Tiến Thiêm,Đậu Thị Quỳnh Trâm,GCP,,,Create Deal,Create Contact,Create Prospect,2026/04/15 14:48,133,2026/04/15 15:10,Đậu Thị Quỳnh Trâm
GCP_Acc_103,Origin Vietnam,originvietnam.com,0104070160,"Xóm 1, thôn Hải Bối, Xã Vĩnh Thanh, TP Hà Nội, Việt Nam",,Tourism,Self-sourced,30,Phạm Tiến Thiêm,Đậu Thị Quỳnh Trâm,GCP,,,Create Deal,Create Contact,Create Prospect,2026/04/15 15:19,134,2026/04/15 16:10,Đậu Thị Quỳnh Trâm
GCP_Acc_106,Kavo Travel ,dulichkhatvongviet.com,0105435079,"Số nhà 65, ngách 186/25, đường Phan Trọng Tuệ, Xã Đại Thanh, TP Hà Nội, Việt Nam",,Tourism,Self-sourced,,Phạm Tiến Thiêm,Đậu Thị Quỳnh Trâm,GCP,,,Create Deal,Create Contact,Create Prospect,2026/04/16 09:58,135,2026/04/16 14:57,Đậu Thị Quỳnh Trâm
GCP_Acc_108,NextGen Travel,FB: nextgen.travelvn,0110774648,"Tầng 3, Số 72 Dịch Vọng, Phường Cầu Giấy, TP Hà Nội, Việt Nam",,Tourism,Self-sourced,Doanh Nghiệp Nhỏ,Phạm Tiến Thiêm,Đậu Thị Quỳnh Trâm,GCP,,,Create Deal,Create Contact,Create Prospect,2026/04/16 11:45,136,2026/04/16 13:40,Đậu Thị Quỳnh Trâm
GCP_Acc_110,Viet vision travel,vietvisiontravel.com,0102129732,"Số 31A, phố Văn Miếu, Phường Văn Miếu - Quốc Tử Giám, TP Hà Nội, Việt Nam",,Tourism,Self-sourced,,Phạm Tiến Thiêm,Đậu Thị Quỳnh Trâm,GCP,,,Create Deal,Create Contact,Create Prospect,2026/04/17 12:24,144,2026/04/20 13:54,Đậu Thị Quỳnh Trâm
GCP_Acc_118,Hoàng Việt Travel,hoangviettravel.com.vn,0101594871,"62 Trần Quốc Toản, Hoàn Kiếm, Hà Nội",,Tourism,Self-sourced,,Phạm Tiến Thiêm,Đậu Thị Quỳnh Trâm,GCP,,,Create Deal,Create Contact,Create Prospect,2026/04/22 09:03,148,2026/04/22 09:32,Đậu Thị Quỳnh Trâm
GCP_Acc_119,GEIT (Trung Nam Group),geit.com.vn,0318290621,"DITP Tower, Lô A2-19 Nguyễn Tất Thành, phường Hải Vân, Tp. Đà Nẵng",,Renewable Energy,Self-sourced,Doanh nghiệp lớn,Phạm Tiến Thiêm,Đậu Thị Quỳnh Trâm,GCP,,,Create Deal,Create Contact,Create Prospect,2026/04/22 11:14,149,2026/04/23 17:47,CRM
GCP_Acc_120,365 Energy,365energy.vn,0318846884,"Tầng 2B Tòa nhà PECC2 Innovation Hub, 45 đường số 2, Phường Thủ Đức, TP Hồ Chí Minh, Việt Nam",,Renewable Energy,Self-sourced,Corp,Phạm Tiến Thiêm,Đậu Thị Quỳnh Trâm,GCP,,,Create Deal,Create Contact,Create Prospect,2026/04/22 11:44,150,2026/04/23 17:47,CRM
GCP_Acc_121,Tasco auto,tascoauto.com ,0600264117,"Tầng 1 và Tầng 20 Tòa nhà Tasco, Lô HH2-2, đường Phạm Hùng, Phường Từ Liêm, TP Hà Nội, Việt Nam",,Renewable Energy,Self-sourced,Corp,Phạm Tiến Thiêm,Đậu Thị Quỳnh Trâm,GCP,,,Create Deal,Create Contact,Create Prospect,2026/04/22 14:11,151,2026/04/23 17:47,CRM
GCP_Acc_124,VETC,vetc.com.vn,0107500414,"Tầng 11 và Tầng 14, Tòa nhà Tasco, Lô HH2-2, Phường Từ Liêm, TP Hà Nội, Việt Nam",,Renewable Energy,Self-sourced,Corp,Phạm Tiến Thiêm,Đậu Thị Quỳnh Trâm,GCP,,,Create Deal,Create Contact,Create Prospect,2026/04/22 14:54,152,2026/04/23 17:47,CRM
GCP_Acc_127,BCG Energy <thuộc Bamboo capital group>,bcgenergy.com.vn,0314445458,"LK10-21 đường Trần Quý Kiên, Phường Bình Trưng, TP Hồ Chí Minh, Việt Nam",,Renewable Energy,Self-sourced,,Phạm Tiến Thiêm,Đậu Thị Quỳnh Trâm,GCP,,,Create Deal,Create Contact,Create Prospect,2026/04/22 17:15,153,2026/04/23 17:47,CRM
GCP_Acc_130,Base Business Solution,basebs.com,0303797472,"Phòng 12B.4, Lầu 12B, Tòa nhà REE Tower, Số 9 Đoàn Văn Bơ, Phường 12, Quận 4, Thành phố Hồ Chí Minh",,Technology,Self-sourced,,Phạm Tiến Thiêm,Đậu Thị Quỳnh Trâm,GCP,,,Create Deal,Create Contact,Create Prospect,2026/04/23 15:52,154,2026/05/04 14:53,Đậu Thị Quỳnh Trâm
GCP_Acc_135,Medici,Medici,0108934887,"Tầng 3-4, số 1 Thái Hà, Phường Đống Đa, TP Hà Nội, Việt Nam",,ITO/medical,Self-sourced,,Phạm Tiến Thiêm,Đậu Thị Quỳnh Trâm,GCP,,,Create Deal,Create Contact,Create Prospect,2026/04/23 17:44,155,2026/05/04 14:53,Đậu Thị Quỳnh Trâm
GCP_Acc_145,CÔNG TY CỔ PHẦN CÔNG NGHỆ WEWE,voiz.vn,0315342039,,,Media & Advertising,Self-sourced,,Phạm Tiến Thiêm,Đậu Thị Quỳnh Trâm,GCP,,,Create Deal,Create Contact,Create Prospect,2026/05/04 12:23,165,2026/05/04 14:52,Đậu Thị Quỳnh Trâm
GCP_Acc_146,CÔNG TY CỔ PHẦN HALANA,halana.shop,0314878148,"150 Trần Não, Khu phố 2, Phường An Khánh, TP Hồ Chí Minh, Việt Nam",,SaaS,Self-sourced,,Phạm Tiến Thiêm,Đậu Thị Quỳnh Trâm,GCP,,,Create Deal,Create Contact,Create Prospect,2026/05/04 13:36,166,2026/05/04 15:00,Đậu Thị Quỳnh Trâm
GCP_Acc_147,Timo digital bank (BVBank),timo.vn,0313193007,"Số 412 Nguyễn Thị Minh Khai, Phường Bàn Cờ, TP Hồ Chí Minh, Việt Nam",,Finance ,,,Phạm Tiến Thiêm,Đậu Thị Quỳnh Trâm,GCP,,,Create Deal,Create Contact,Create Prospect,2026/05/04 15:07,167,2026/05/14 17:28,Đậu Thị Quỳnh Trâm
GCP_Acc_148,Grove Inc.,grovegroup.net,0316404062,"Số 8 Nguyễn Huệ, Phường Sài Gòn, TP Hồ Chí Minh, Việt Nam",,Retail,,,Phạm Tiến Thiêm,Đậu Thị Quỳnh Trâm,GCP,,,Create Deal,Create Contact,Create Prospect,2026/05/04 17:45,168,2026/05/14 17:28,Đậu Thị Quỳnh Trâm
GCP_Acc_149,Saner AI,saner.ai,,,,SaaS,,,Phạm Tiến Thiêm,Đậu Thị Quỳnh Trâm,GCP,,,Create Deal,Create Contact,Create Prospect,2026/05/04 17:46,169,2026/05/14 17:28,Đậu Thị Quỳnh Trâm
GCP_Acc_150,CÔNG TY TNHH  TRUYỀN THÔNG TIẾP THỊ VIỆT NAM,vietnammarcom.edu.vn,0302213445,"473/23 Tô Hiến Thành, Phường Diên Hồng, TP Hồ Chí Minh, Việt Nam",,Education,,,Phạm Tiến Thiêm,Đậu Thị Quỳnh Trâm,GCP,,,Create Deal,Create Contact,Create Prospect,2026/05/04 17:46,170,2026/05/14 17:29,Đậu Thị Quỳnh Trâm
GCP_Acc_151,CÔNG TY CỔ PHẦN BIBOMART TM,bibomart.com.vn,0108024302,"120 Trần Duy Hưng, Phường Yên Hòa, TP Hà Nội, Việt Nam""",,Retail & Wholesale,,,Phạm Tiến Thiêm,Đậu Thị Quỳnh Trâm,GCP,,,Create Deal,Create Contact,Create Prospect,2026/05/04 17:47,171,2026/05/14 17:29,Đậu Thị Quỳnh Trâm
GCP_Acc_170,CÔNG TY CỔ PHẦN CÔNG NGHỆ VÀ TRUYỀN THÔNG SAMO,samogroup.vn,0106138449,"Số 3, ngõ 361, phố Vũ Tông Phan, Phường Khương Đình, TP Hà Nội, Việt Nam",,Finance ,,,Phạm Tiến Thiêm,Đậu Thị Quỳnh Trâm,GCP,,,Create Deal,Create Contact,Create Prospect,2026/05/13 16:26,187,2026/05/14 17:29,Đậu Thị Quỳnh Trâm
GCP_Acc_171,VMG Media JSC Công ty Cổ phần Truyền thông VMG ,vmgmedia.vn,0101883619,"Tầng 6, tòa nhà PEAKVIEW Tower, số 36 Hoàng Cầu, Phường Ô Chợ Dừa, TP Hà Nội, Việt Nam",,Media & Entertainment,,,Phạm Tiến Thiêm,Đậu Thị Quỳnh Trâm,GCP,,,Create Deal,Create Contact,Create Prospect,2026/05/13 16:46,188,2026/05/14 17:29,Đậu Thị Quỳnh Trâm
GCP_Acc_181,Tribee,tribee.vn,0316429691,"62 Tran Quang Khai, Tan Dinh, District 1, Ho Chi Minh City, Viet Nam
- có pháp nhân mẹ tại Sing",,SaaS ,,,Phạm Tiến Thiêm,Đậu Thị Quỳnh Trâm,GCP,,,Create Deal,Create Contact,Create Prospect,2026/05/14 17:30,196,2026/05/14 17:37,Đậu Thị Quỳnh Trâm
GCP_Acc_182,SEESAW VIETNAM,seesawvietnam.com,0316954531,"108 Trần Đình Xu, Phường Cầu Ông Lãnh, TP Hồ Chí Minh, Việt Nam",,,,,Phạm Tiến Thiêm,Đậu Thị Quỳnh Trâm,GCP,,,Create Deal,Create Contact,Create Prospect,2026/05/14 17:50,197,2026/05/14 17:52,Đậu Thị Quỳnh Trâm
GCP_Acc_183,HOUZE GROUP JOINT STOCK COMPANY,houze.vn,0316156148,"46-48 Đường Tạ Hiện, khu phố 1, Phường Cát Lái, TP Hồ Chí Minh, Việt Nam

",,,,,Phạm Tiến Thiêm,Đậu Thị Quỳnh Trâm,GCP,,,Create Deal,Create Contact,Create Prospect,2026/05/14 17:53,198,2026/05/14 17:59,Đậu Thị Quỳnh Trâm
GCP_Acc_184,"HOMES VN CO.,LTD <Masterise Homes>",masterisehomes.com,0316001930,"VP 07.01, Lầu 7, số 275 đường Võ Nguyên Giáp, Khu phố 4, Phường An Khánh, TP Hồ Chí Minh, Việt Nam",,,,,Phạm Tiến Thiêm,Đậu Thị Quỳnh Trâm,GCP,,,Create Deal,Create Contact,Create Prospect,2026/05/15 09:17,199,2026/05/15 09:21,Đậu Thị Quỳnh Trâm
GCP_Acc_185,Harmonix Finance,harmonix.fi,,,,,,,Phạm Tiến Thiêm,Đậu Thị Quỳnh Trâm,GCP,,,Create Deal,Create Contact,Create Prospect,2026/05/15 09:49,200,2026/05/15 10:00,Đậu Thị Quỳnh Trâm
GCP_Acc_186,Tập đoàn PPJ Group (PPJ Group) ,ppj-group.com.vn,0304995318,"48 Đường Tăng Nhơn Phú, Phường Tăng Nhơn Phú, TP Hồ Chí Minh, Việt Nam",,,,,Phạm Tiến Thiêm,Đậu Thị Quỳnh Trâm,GCP,,,Create Deal,Create Contact,Create Prospect,2026/05/15 10:01,201,2026/05/15 10:40,Đậu Thị Quỳnh Trâm
GCP_Acc_187,DAITANVIET JOINT STOCK COMPANY,newviet.vn,0302505776,"145 Tôn Thất Đạm, Phường Sài Gòn, TP Hồ Chí Minh, Việt Nam",,,,,Phạm Tiến Thiêm,Đậu Thị Quỳnh Trâm,GCP,,,Create Deal,Create Contact,Create Prospect,2026/05/15 10:41,202,2026/05/15 10:48,Đậu Thị Quỳnh Trâm
GCP_Acc_188,Cricket One Asia,cricketone.asia,0314429625,"383/3/51 đường Quang Trung, Phường Gò Vấp, TP Hồ Chí Minh, Việt Nam",,,,,Phạm Tiến Thiêm,Đậu Thị Quỳnh Trâm,GCP,,,Create Deal,Create Contact,Create Prospect,2026/05/15 12:28,,2026/05/15 12:28,
GCP_Acc_189,"TAY NAM STEEL MANUFACTURING & TRADING CO., LTD",tontaynam.com.vn,1101815829,"CCN Thiên Lộc Thành, Ấp 4, Xã Mỹ Lệ, Tỉnh Tây Ninh, Việt Nam",,,,,Phạm Tiến Thiêm,Đậu Thị Quỳnh Trâm,GCP,,,Create Deal,Create Contact,Create Prospect,2026/05/15 12:29,,2026/05/15 12:29,
GCP_Acc_190,MFast,mfast.vn,0314647863,"Tầng 2, tòa nhà Athena, 146-148 Cộng Hòa, Phường Bảy Hiền, TP Hồ Chí Minh, Việt Nam",,,,,Phạm Tiến Thiêm,Đậu Thị Quỳnh Trâm,GCP,,,Create Deal,Create Contact,Create Prospect,2026/05/15 12:30,,2026/05/15 12:30,
GCP_Acc_191,JAMJA,jamja.vn,0107424266,"Tầng 5, số 71 Nguyễn Chí Thanh, Phường Giảng Võ, TP Hà Nội, Việt Nam",,,,,Phạm Tiến Thiêm,Đậu Thị Quỳnh Trâm,GCP,,,Create Deal,Create Contact,Create Prospect,2026/05/15 17:25,,2026/05/15 17:25,
GCP_Acc_220,TRV Holdings Unicorn 2035 in edutech & Fintech for Smart Construction Industry,,000000,,,,,,Phạm Tiến Thiêm,Đậu Thị Quỳnh Trâm,GCP,,,Create Deal,Create Contact,Create Prospect,2026/05/22 16:42,213,2026/05/22 16:45,Đậu Thị Quỳnh Trâm
GCP_Acc_221,Equest education group ,equest.vn,0301700090,"Lầu 3, Tòa Nhà Quỳnh Lan, 60 Hai Bà Trưng, Phường Sài Gòn, TP Hồ Chí Minh, Việt Nam",,,,,Phạm Tiến Thiêm,Đậu Thị Quỳnh Trâm,GCP,,,Create Deal,Create Contact,Create Prospect,2026/05/22 16:47,214,2026/05/22 16:51,Đậu Thị Quỳnh Trâm
GCP_Acc_222,TH School,thschool.edu.vn,,,,,,,Phạm Tiến Thiêm,Đậu Thị Quỳnh Trâm,GCP,,,Create Deal,Create Contact,Create Prospect,2026/05/22 16:53,215,2026/05/22 16:56,Đậu Thị Quỳnh Trâm
GCP_Acc_223,ILA ,ila.edu.vn,,,,,,,Phạm Tiến Thiêm,Đậu Thị Quỳnh Trâm,GCP,,,Create Deal,Create Contact,Create Prospect,2026/05/22 16:58,216,2026/05/22 17:04,Đậu Thị Quỳnh Trâm
GCP_Acc_224,Yola,yola.vn,0309139430,,,,,,Phạm Tiến Thiêm,Đậu Thị Quỳnh Trâm,GCP,,,Create Deal,Create Contact,Create Prospect,2026/05/22 17:05,217,2026/05/22 17:08,Đậu Thị Quỳnh Trâm
GCP_Acc_226,VUS - The English Center,teachenglish.vus.edu.vn,,,,,,,Phạm Tiến Thiêm,Đậu Thị Quỳnh Trâm,GCP,,,Create Deal,Create Contact,Create Prospect,2026/05/22 17:10,218,2026/05/25 09:31,Đậu Thị Quỳnh Trâm
GCP_Acc_227,Appollo,apollo.edu.vn,,,,,,,Phạm Tiến Thiêm,Đậu Thị Quỳnh Trâm,GCP,,,Create Deal,Create Contact,Create Prospect,2026/05/22 17:11,219,2026/05/25 09:39,Đậu Thị Quỳnh Trâm
GCP_Acc_229,"PK Electric Co. Ltd,  CÔNG TY TNHH ĐIỆN PK",pkled.vn,,,,,,,Phạm Tiến Thiêm,Đậu Thị Quỳnh Trâm,GCP,,,Create Deal,Create Contact,Create Prospect,2026/05/25 09:41,220,2026/05/25 09:43,Đậu Thị Quỳnh Trâm
GCP_Acc_167,,,,,,,,,,,,,,Create Deal,Create Contact,Create Prospect,2026/05/11 17:27,,2026/05/11 17:46,Lê Đức Thành
GCP_Acc_168,,,,,,,,,,,,,,Create Deal,Create Contact,Create Prospect,2026/05/11 17:27,,2026/05/11 17:46,Lê Đức Thành
GCP_Acc_197,,,,,,,,,,,,,,Create Deal,Create Contact,Create Prospect,2026/05/20 15:51,,2026/05/20 15:51,Lê Đức Thành
GCP_Acc_198,,,,,,,,,,,,,,Create Deal,Create Contact,Create Prospect,2026/05/20 15:51,,2026/05/20 15:51,Lê Đức Thành
GCP_Acc_208,,,,,,,,,,,,,,Create Deal,Create Contact,Create Prospect,2026/05/20 16:14,,2026/05/20 16:17,Lê Đức Thành
GCP_Acc_210,,,,,,,,,,,,,,Create Deal,Create Contact,Create Prospect,2026/05/20 16:17,,2026/05/20 16:17,Lê Đức Thành
GCP_Acc_211,,,,,,,,,,,,,,Create Deal,Create Contact,Create Prospect,2026/05/20 16:17,,2026/05/20 16:17,Lê Đức Thành
GCP_Acc_212,,,,,,,,,,,,,,Create Deal,Create Contact,Create Prospect,2026/05/20 16:17,,2026/05/20 16:18,Lê Đức Thành
